{

"trueValues":[3,5,7,9,11,13,15,17,19,21,23,25,27,29,31,33,35,37,39,41,43,45,47,49,51,53,55,57,59,61,63,65,67,69,71,73,75,77,79,81,83,85,87,89,91,93,95,97,99,101,103,105,107,109,111,113,115,117,119,121,123,125,127,129,131,133,135,137,139,141,143,145,147,149,151,153,155,157,159,161],
"submittedPoints":[3.395,4.975,1.815,7.345,13.665000000000001,21.564999999999998,19.195,19.195,19.195,21.564999999999998,24.725,28.675,32.625,32.625,31.835,33.415,34.995000000000005,36.574999999999996,38.155,42.105,45.265,46.845000000000006,48.425,46.845000000000006,48.425,50.795,54.745000000000005,58.695,61.065,64.225,65.015,66.595,66.595,67.38499999999999,68.965,70.545,72.915,74.495,76.86500000000001,79.235,78.445,81.605,83.975,86.345,87.925,90.295,94.245,96.61500000000001,98.985,100.56500000000001,102.93499999999999,107.675,107.675,110.835,124.265,128.215,132.955,136.905,139.275,140.85500000000002,135.32500000000002,139.275,140.85500000000002,144.805,147.965,150.335,152.705,155.865,156.655,170.875,174.035,177.195,180.35500000000002,181.935,184.305,187.465,190.625,191.415,196.945,200.10500000000002],

"old":[101,105,97,111,127,147,141,141,141,147,155,165,175,175,173,177,181,185,189,199,207,211,215,211,215,221,231,241,247,255,257,261,261,263,267,271,277,281,287,293,291,299,305,311,315,321,331,337,343,347,353,365,365,373,407,417,429,439,445,449,435,445,449,459,467,473,479,487,489,525,533,541,549,553,559,567,575,577,591,599]
}
